id,content,start_index,headers,has_code,has_list,has_table,has_blockquote,char_count,word_count,prev_chunk,next_chunk
chunk_1,"## HỘI SINH VIÊN VIỆT NAM BAN CHẤP HÀNH TRUNG ƯƠNG *** - CT/TWHSV Số: 02 ## CHƯƠNG TRÌNH Công tác Hội và phong trào sinh viên năm học 2024 - 2025 ---------- ## CHỦ ĐỀ NĂM HỌC: ""Sinh viên Việt Nam tự hào tiến bước dưới cờ Đảng""",0,"HỘI SINH VIÊN VIỆT NAM BAN CHẤP HÀNH TRUNG ƯƠNG *** - CT/TWHSV Số: 02 ## CHƯƠNG TRÌNH Công tác Hội và phong trào sinh viên năm học 2024 - 2025 ---------- ## CHỦ ĐỀ NĂM HỌC: ""Sinh viên Việt Nam tự hào tiến bước dưới cờ Đảng""",False,False,False,False,226,49,,chunk_2
chunk_2,"## CHỦ ĐỀ NĂM HỌC: ""Sinh viên Việt Nam tự hào tiến bước dưới cờ Đảng"" ## I. NHIỆM VỤ TRỌNG TÂM - 1. Tập trung làm tốt công tác giáo dục lý tưởng cách mạng, đạo đức, lối sống văn hóa; chú trọng giáo dục truyền thống, lịch sử gắn với kỷ niệm 95 năm ngày thành lập Đảng Cộng sản Việt Nam (03/02/1930 - 03/02/2025), 50 năm ngày giải phóng miền Nam thống nhất Đất nước (30/4/1975 - 30/4/2025), 135 năm Ngày sinh Chủ tịch Hồ Chí Minh (19/5/1890 - 19/5/2025); Tổ chức các hoạt động kỷ niệm 75 năm Ngày truyền thống học sinh, sinh viên và Hội Sinh viên Việt Nam (09/01/1950 - 09/01/2025); tuyên truyền về Đại hội Đảng các cấp, tiến tới Đại hội Đảng toàn quốc lần thứ XIV. - 2. Tổ chức tốt phong trào ""Sinh viên 5 tốt"". Trong đó chú trọng tuyên truyền về giá trị phong trào đến cộng đồng, xã hội; đẩy mạnh các hoạt động phát huy, kết nối sinh viên sau tuyên dương. - 3. Triển khai đồng bộ, hiệu quả các Đề án nhiệm kỳ của Hội Sinh viên Việt Nam.",164,"CHỦ ĐỀ NĂM HỌC: ""Sinh viên Việt Nam tự hào tiến bước dưới cờ Đảng"" ## I. NHIỆM VỤ TRỌNG TÂM - 1. Tập trung làm tốt công tác giáo dục lý tưởng cách mạng, đạo đức, lối sống văn hóa; chú trọng giáo dục truyền thống, lịch sử gắn với kỷ niệm 95 năm ngày thành lập Đảng Cộng sản Việt Nam (03/02/1930 - 03/02/2025), 50 năm ngày giải phóng miền Nam thống nhất Đất nước (30/4/1975 - 30/4/2025), 135 năm Ngày sinh Chủ tịch Hồ Chí Minh (19/5/1890 - 19/5/2025); Tổ chức các hoạt động kỷ niệm 75 năm Ngày truyền thống học sinh, sinh viên và Hội Sinh viên Việt Nam (09/01/1950 - 09/01/2025); tuyên truyền về Đại hội Đảng các cấp, tiến tới Đại hội Đảng toàn quốc lần thứ XIV. - 2. Tổ chức tốt phong trào ""Sinh viên 5 tốt"". Trong đó chú trọng tuyên truyền về giá trị phong trào đến cộng đồng, xã hội; đẩy mạnh các hoạt động phát huy, kết nối sinh viên sau tuyên dương. - 3. Triển khai đồng bộ, hiệu quả các Đề án nhiệm kỳ của Hội Sinh viên Việt Nam.",False,False,False,False,937,196,chunk_1,chunk_3
chunk_3,"## II. MỘT SỐ CHỈ TIÊU CƠ BẢN - 1. 100% cán bộ Hội, hội viên, sinh viên được nghiên cứu, học tập, quán triệt, tuyên truyền nghị quyết, chủ trương của Đảng, chính sách, pháp luật của Nhà nước, của Đoàn, Hội. - 2. 100% Hội Sinh viên cấp tỉnh, cấp trường có công trình, phần việc chào mừng kỷ niệm 95 năm ngày thành lập Đảng Cộng sản Việt Nam, 50 năm ngày Giải phóng Miền Nam, thống nhất đất nước và 75 năm ngày truyền thống học sinh, sinh viên và Hội Sinh viên Việt Nam. - 3. 200 sinh viên đạt Danh hiệu ""Sinh viên 5 tốt"" cấp Trung ương; 4.000 sinh viên đạt Danh hiệu ""Sinh viên 5 tốt"" cấp tỉnh; 40.000 sinh viên đạt Danh hiệu ""Sinh viên 5 tốt"" cấp trường. - 4. 100% Hội Sinh viên Việt Nam cấp trường có ít nhất 02 hoạt động hỗ trợ sinh viên nghiên cứu khoa học; tối thiểu 500 đề tài nghiên cứu khoa học của sinh viên được Hội Sinh viên các cấp hỗ trợ. Hà Nội, ngày 19 tháng 8 năm 2024",1106,"II. MỘT SỐ CHỈ TIÊU CƠ BẢN - 1. 100% cán bộ Hội, hội viên, sinh viên được nghiên cứu, học tập, quán triệt, tuyên truyền nghị quyết, chủ trương của Đảng, chính sách, pháp luật của Nhà nước, của Đoàn, Hội. - 2. 100% Hội Sinh viên cấp tỉnh, cấp trường có công trình, phần việc chào mừng kỷ niệm 95 năm ngày thành lập Đảng Cộng sản Việt Nam, 50 năm ngày Giải phóng Miền Nam, thống nhất đất nước và 75 năm ngày truyền thống học sinh, sinh viên và Hội Sinh viên Việt Nam. - 3. 200 sinh viên đạt Danh hiệu ""Sinh viên 5 tốt"" cấp Trung ương; 4.000 sinh viên đạt Danh hiệu ""Sinh viên 5 tốt"" cấp tỉnh; 40.000 sinh viên đạt Danh hiệu ""Sinh viên 5 tốt"" cấp trường. - 4. 100% Hội Sinh viên Việt Nam cấp trường có ít nhất 02 hoạt động hỗ trợ sinh viên nghiên cứu khoa học; tối thiểu 500 đề tài nghiên cứu khoa học của sinh viên được Hội Sinh viên các cấp hỗ trợ. Hà Nội, ngày 19 tháng 8 năm 2024",False,False,False,False,883,190,chunk_2,chunk_4
chunk_4,"Hà Nội, ngày 19 tháng 8 năm 2024 - 5. 70% sinh viên được tiếp cận các hoạt động nâng cao năng lực số do Hội Sinh viên các cấp triển khai thực hiện. 60% sinh viên sử dụng dịch vụ công trực tuyến, 70% sinh viên sử dụng tài khoản thanh toán điện tử. - 6. 100 dự án khởi nghiệp đổi mới sáng tạo của sinh viên được Hội Sinh viên các cấp hỗ trợ, hiện thực hóa. - 7. 05 triệu lượt sinh viên tham gia các hoạt động tình nguyện do Hội Sinh viên Việt Nam các cấp tổ chức. - 8. 60 tỷ đồng được các cấp bộ Hội huy động trao học bổng, giải thưởng, vay ưu đãi lãi suất. - 9. 01 triệu lượt sinh viên được tham gia các hoạt động thể dục thể thao. - 10. 01 triệu lượt sinh viên được tham gia các hoạt động hỗ trợ nâng cao năng lực ngoại ngữ và hội nhập quốc tế. - 11. 100% cơ sở Hội triển khai khung năng lực cán bộ Hội. - 12. Thành lập mới ít nhất 04 hội sinh viên cấp tỉnh, cấp trường và ngoài nước. Tỷ lệ tập hợp sinh viên đạt 80%.",1959,,False,False,False,False,919,209,chunk_3,chunk_5
chunk_5,"## III. NỘI DUNG VÀ GIẢI PHÁP - 1. Công tác tuyên truyền, triển khai phong trào ""Sinh viên 5 tốt""",2881,"III. NỘI DUNG VÀ GIẢI PHÁP - 1. Công tác tuyên truyền, triển khai phong trào ""Sinh viên 5 tốt""",False,False,False,False,97,21,chunk_4,chunk_6
chunk_6,## 1.1. Trung ương Hội Sinh viên Việt Nam,2981,1.1. Trung ương Hội Sinh viên Việt Nam,False,False,False,False,41,9,chunk_5,chunk_7
chunk_7,"- - Xây dựng và triển khai Ứng dụng ""Sinh viên 5 tốt"" dành riêng cho Hội viên, sinh viên Việt Nam theo dõi, quản lý quá trình rèn luyện phấn đấu đạt danh hiệu sinh viên tốt. - - Ban hành hướng dẫn triển khai phong trào ""Sinh viên 5 tốt"" và quy chế xét chọn danh hiệu ""Sinh viên 5 tốt"", tập thể ""Sinh viên 5 tốt"" giai đoạn 2024 2028; Tổ chức bình xét và tuyên dương ""Sinh viên 5 tốt"", tập thể ""Sinh viên 5 tốt"" nhân dịp kỷ niệm 75 năm ngày truyền thống học sinh, sinh viên và Hội Sinh viên Việt Nam.",3024,,False,True,False,False,498,109,chunk_6,chunk_8
chunk_8,"- - Ứng dụng công nghệ thông tin, chuyển đổi số, các phương tiện truyền thông hiện đại, mạng xã hội để triển khai tuyên truyền về phong trào ""Sinh viên 5 tốt"", trong đó tập trung vào các nội dung tuyên truyền về mục tiêu, sứ mệnh của phong trào, giá trị của danh hiệu ""Sinh viên 5 tốt"", các tấm gương ""Sinh viên 5 tốt"" các cấp, các mô hình hay, cách làm hiệu quả trong triển khai phong trào ""Sinh viên 5 tốt"", có giải pháp tuyên truyền sâu rộng tới cấp uỷ, chính quyền địa phương, các tổ chức, doanh nghiệp, nhà tuyển dụng lao động về giá trị của phong trào, danh hiệu ""Sinh viên 5 tốt"". - - Ban hành bộ sản phẩm tuyên truyền về phong trào ""Sinh viên 5 tốt"".",3523,,False,True,False,False,659,138,chunk_7,chunk_9
chunk_9,"## 1.2. Hội Sinh viên cấp tỉnh, ngoài nước, các trường trực thuộc",4184,"1.2. Hội Sinh viên cấp tỉnh, ngoài nước, các trường trực thuộc",False,False,False,False,65,13,chunk_8,chunk_10
chunk_10,"- - Định kỳ hằng tháng đăng bài viết trên kênh thông tin của Đoàn, Hội, nhà trường về các tấm gương ""Sinh viên 5 tốt"". Sử dụng thống nhất bộ nhận diện danh hiệu ""Sinh viên 5 tốt"" do Trung ương Hội Sinh viên Việt Nam xây dựng trong tuyên truyền và triển khai phong trào. - - Triển khai các hoạt động trực tuyến truyền thông, giới thiệu về phong trào ""Sinh viên 5 tốt"" trong cả năm học, tập trung tuyên truyền cho đối tượng sinh viên năm thứ nhất thông qua các chương trình giao lưu trực tuyến, các công cụ truyền thông như infographic, motion graphic, clip,… - - Hội Sinh viên cấp trường chủ động tham mưu với Đảng ủy, Ban Giám hiệu quan tâm, chỉ đạo các phòng ban chức năng, các khoa hỗ trợ, tạo điều kiện triển khai phong trào ""Sinh viên 5 tốt"" gắn với nhiệm vụ chính trị của nhà trường.",4251,,False,True,False,False,788,162,chunk_9,chunk_11
chunk_11,"- - Ban hành Hướng dẫn triển khai phong trào ""Sinh viên 5 tốt"" phù hợp với Hướng dẫn mới của Trung ương Hội Sinh viên Việt Nam và đặc thù của các địa phương, đơn vị. Chú trọng tổng kết và nhân rộng các mô hình, giải pháp hiệu quả trong triển khai phong trào. - - Củng cố, thành lập mới CLB ""Sinh viên 5 tốt"" các cấp, số hoá các hoạt động ""Hành trình Sinh viên 5 tốt"", diễn đàn ""Sinh viên 5 tốt"", giao lưu và xây dựng mạng lưới Sinh viên 5 tốt các thời kỳ. - - Xác định rõ số lượng chỉ tiêu và cách thức triển khai quy trình hướng dẫn, hỗ trợ sinh viên phấn đấu đạt danh hiệu ""Sinh viên 5 tốt"", hướng dẫn, theo dõi sinh viên đăng ký phấn đấu đạt danh hiệu trên Ứng dụng Sinh viên Việt Nam và chuyên trang Sinh viên 5 tốt. Đổi mới các hoạt động tạo môi trường hỗ trợ sinh viên tiệm cận phấn đấu đạt danh hiệu ""Sinh viên 5 tốt"".",5040,,False,True,False,False,825,182,chunk_10,chunk_12
chunk_12,"- - Tham mưu cấp ủy, chính quyền địa phương, nhà trường, phối hợp với các ban, ngành, doanh nghiệp, hội đoàn thể khác quan tâm, tạo cơ chế, điều kiện hỗ trợ trong việc tổ chức, triển khai phong trào ""Sinh viên 5 tốt"", xác định phong trào là một giải pháp tham gia thực hiện nhiệm vụ của địa phương, đơn vị. - - Tổ chức tốt công tác tuyên dương, phát huy ""Sinh viên 5 tốt"" và giới thiệu sinh viên xét chọn danh hiệu ""Sinh viên 5 tốt"" cấp trên. - - Chủ động phối hợp, ký kết chương trình hợp tác với các tổ chức, doanh nghiệp để hỗ trợ ""Sinh viên 5 tốt"" các cấp trong học tập, thực tập, tìm kiếm việc làm và khởi nghiệp. - - Tổ chức các ""Diễn đàn Sinh viên 5 tốt"" kết nối, giới thiệu, phát huy các sinh viên đạt danh hiệu ""Sinh viên 5 tốt"" các cấp, kết nối các bạn là sinh viên 5 tốt với nhau, kết nối sinh viên 5 tốt với các cơ quan, tổ chức, doanh nghiệp; giới thiệu học bổng, việc làm, kiến tập, thực tập cho sinh viên đạt danh hiệu ""Sinh viên 5 tốt"" các cấp.",5866,,False,True,False,False,960,209,chunk_11,chunk_13
chunk_13,"- - Kết nối, xây dựng mạng lưới ""Sinh viên 5 tốt"" cấp Trung ương các thời kỳ, hàng năm triển khai các hoạt động phát huy đội ngũ sinh viên đạt danh hiệu ""Sinh viên 5 tốt"" cấp Trung ương. - - Hội Sinh viên Việt Nam ở nước ngoài tích cực tuyên truyền về phong trào ""Sinh viên 5 tốt"", định kỳ xét chọn, tuyên dương và gửi hồ sơ đề xuất danh hiệu ""Sinh viên 5 tốt"" cấp Trung ương.",6828,,False,True,False,False,376,83,chunk_12,chunk_14
chunk_14,"## 2. Sinh viên vun đắp lý tưởng, rèn luyện đạo đức, tác phong",7206,"2. Sinh viên vun đắp lý tưởng, rèn luyện đạo đức, tác phong",False,False,False,False,62,14,chunk_13,chunk_15
chunk_15,## 2.1. Trung ương Hội Sinh viên Việt Nam,7270,2.1. Trung ương Hội Sinh viên Việt Nam,False,False,False,False,41,9,chunk_14,chunk_16
chunk_16,"- - Tổ chức các đợt thi đua cao điểm, các chương trình, sự kiện chào mừng kỷ niệm 75 năm Ngày truyền thống học sinh - sinh viên và Hội Sinh viên Việt Nam, 95 năm ngày thành lập Đảng Cộng sản Việt Nam, 50 năm Ngày giải phóng miền Nam, thống nhất đất nước, 135 năm Ngày sinh Chủ tịch Hồ Chí Minh: Chương trình kỷ niệm 75 năm Ngày truyền thống học sinh, sinh viên và Hội Sinh viên Việt Nam và tuyên dương danh hiệu ""Sinh viên 5 tốt""; ""Học sinh 3 tốt"", ""Học sinh 3 rèn luyện"" cấp trung ương; Phối hợp tổ chức Liên hoan hợp xướng học sinh, sinh viên toàn quốc với chủ đề ""Bài ca thống nhất""…",7313,,False,True,False,False,586,126,chunk_15,chunk_17
chunk_17,"- - Đăng tải các bài viết tuyên truyền các câu chuyện, tư tưởng, đạo đức, phong cách Hồ Chí Minh; chia sẻ các mô hình học tập và làm theo lời Bác như: "" Nhật ký điện tử thanh niên làm theo lời Bác "" trên website, fanpage, TikTok Hội Sinh viên Việt Nam. Triển khai cuộc vận động "" Tuổi trẻ Việt Nam học tập và làm theo lời Bác ""; Xây dựng, đăng tải, tuyên truyền bài giảng các môn học lý luận chính trị trên website, fanpage của Hội Sinh viên Việt Nam. - - Phối hợp tổ chức diễn đàn, tọa đàm về cuộc đời, sự nghiệp của Chủ tịch Hồ Chí Minh. - -Tổ chức chương trình ""Sinh viên với biển đảo Tổ quốc"". - - Đẩy mạnh tuyên truyền cuộc vận động ""Mỗi ngày một tin tốt, Mỗi tuần một câu chuyện đẹp"" trên website Hội Sinh viên Việt Nam, ấn phẩm Sinh viên Việt Nam và mạng xã hội. Phát triển fanpage ""Sinh viên Việt Nam - Những câu chuyện đẹp"". - - Xây dựng sản phẩm tuyên truyền trên các nền tảng số về ""Bộ Quy tắc ứng xử trên mạng xã hội"".",7900,,False,True,False,False,932,202,chunk_16,chunk_18
chunk_18,"- - Xây dựng sản phẩm tuyên truyền trên các nền tảng số về ""Bộ Quy tắc ứng xử trên mạng xã hội"". - - Duy trì hiệu quả phần mềm khảo sát xã hội học, nắm bắt các thông tin, dữ liệu về sinh viên, tâm lý, nguyện vọng và xu hướng vận động của sinh viên.",8735,,False,True,False,False,250,58,chunk_17,chunk_19
chunk_19,"## 2.2. Hội Sinh viên cấp tỉnh, ngoài nước, các trường trực thuộc - - Tuyên truyền và tổ chức hoạt động kỷ niệm các ngày lễ lớn của đất nước, của Đảng, Đoàn, Hội, triển khai hiệu quả các đợt thi đua cao điểm do Trung ương Hội phát động.",8987,"2.2. Hội Sinh viên cấp tỉnh, ngoài nước, các trường trực thuộc - - Tuyên truyền và tổ chức hoạt động kỷ niệm các ngày lễ lớn của đất nước, của Đảng, Đoàn, Hội, triển khai hiệu quả các đợt thi đua cao điểm do Trung ương Hội phát động.",False,False,False,False,236,51,chunk_18,chunk_20
chunk_20,"- - Đăng tải các bài viết tuyên truyền các câu chuyện, tư tưởng, đạo đức, phong cách Hồ Chí Minh trên các kênh thông tin báo chí, website, fanpage và các trang mạng xã hội khác của đơn vị. Triển khai cuộc vận động ""Tuổi trẻ Việt Nam học tập và làm theo lời Bác"" . - - Ứng dụng chuyển đổi số trong công tác tổ chức các hoạt động rèn luyện đạo đức, giáo dục truyền thống cách mạng, lịch sử dân tộc, lòng yêu nước trong hội viên, sinh viên; các hoạt động giữ gìn, phát huy các giá trị văn hóa truyền thống tốt đẹp của dân tộc; đấu tranh bài trừ các hủ tục lạc hậu, văn hóa phẩm độc hại; duy trì hoạt động của các đội tuyên truyền ca khúc cách mạng.",9226,,False,True,False,False,646,140,chunk_19,chunk_21
chunk_21,"- - Phối hợp tổ chức "" Ngày pháp luật"", hội thi tìm hiểu pháp luật, các hoạt động tư vấn cung cấp tài liệu pháp luật cho hội viên, sinh viên đặc biệt là Luật Thanh niên (sửa đổi) năm 2020. Lựa chọn nội dung, đổi mới hình thức tuyên truyền về pháp luật, các chính sách liên quan đến sinh viên, tập trung đẩy mạnh tuyên truyền trên nền tảng số. Thành lập, phát triển các mô hình câu lạc bộ, đội, nhóm sinh viên tìm hiểu, tuyên truyền pháp luật, câu lạc bộ Luật gia tương lai trong sinh viên. - - Tổ chức các hoạt động về nguồn, thăm các địa danh, di tích lịch sử, địa chỉ đỏ gắn với các hoạt động an sinh, xã hội, thăm hỏi gia đình chính sách, người có công với cách mạng vào dịp 27/7 và các ngày lễ lớn của dân tộc. - - Triển khai hoạt động cho sinh viên, hội viên đóng góp ý kiến văn kiện Đại hội Đảng các cấp, tiến tới Đại hội Đảng toàn quốc lần thứ XIV.",9873,,False,True,False,False,856,187,chunk_20,chunk_22
chunk_22,"- - Triển khai hoạt động cho sinh viên, hội viên đóng góp ý kiến văn kiện Đại hội Đảng các cấp, tiến tới Đại hội Đảng toàn quốc lần thứ XIV. - - Chủ động tham gia thực hiện Chiến lược an ninh quốc gia, Chiến lược bảo vệ Tổ quốc trong tình hình mới, tổ chức các hoạt động hướng về biên giới, biển, đảo: tổ chức các diễn đàn thông tin tình hình biên giới, biển, đảo; tổ chức các hoạt động kết nghĩa, hoạt động tình nguyện tại các địa phương biên giới, các vùng biển, đảo; tổ chức triển lãm trực tuyến về biển, đảo Việt Nam; thực hiện các giải pháp phát triển kinh tế biển, công trình nghiên cứu khoa học giải quyết các vấn đề cấp thiết tại biển, đảo Tổ quốc; tặng cờ Tổ quốc cho ngư dân, cho các cột cờ tại các đảo tiền tiêu; vận động sinh viên tham gia chương trình ""Sinh viên với biển, đảo Tổ quốc""; giới thiệu sinh viên tham gia "" Hành trình tuổi trẻ vì biển đảo quê hương "" do Trung ương Đoàn tổ chức.",10589,,False,True,False,False,904,194,chunk_21,chunk_23
chunk_23,"- - Tiếp tục triển khai cuộc vận động ""Mỗi ngày một tin tốt, mỗi tuần một câu chuyện đẹp"" ; cuộc vận động ""Sinh viên Việt Nam - Những câu chuyện đẹp"" ; phát huy vai trò, ảnh hưởng xã hội tích cực của những người nổi tiếng, người của công chúng, các tấm gương "" Sinh viên 5 tốt"", ""Sao Tháng Giêng "" đối với hội viên, sinh viên; tuyên truyền, vận động sinh viên thực hiện Bộ quy tắc ứng xử trên mạng xã hội do Trung ương Hội ban hành ; tuyên truyền, phổ biến, học tập các vấn đề liên quan đến văn hóa ứng xử, môi trường sống văn hóa trong gia đình, nhà trường và cộng đồng. Vận động hội viên, sinh viên tham gia các hoạt động tạo trào lưu, xu hướng tích cực trên không gian mạng do các Tỉnh/Thành đoàn thực hiện; tham gia cuộc thi xây dựng video podcast ""Sinh viên Việt Nam - Những câu chuyện đẹp"" .",11494,,False,True,False,False,799,170,chunk_22,chunk_24
chunk_24,"- - Triển khai hoạt động của các tổ, đội, nhóm nắm bắt tư tưởng, dư luận sinh viên, chủ động kết nối với Ban Quản lý ký túc xá sinh viên, các chủ nhà trọ để nắm bắt tình hình, đời sống sinh hoạt của sinh viên. Tổ chức các hoạt động giới thiệu kỹ năng đấu tranh lại các luận điệu xuyên tạc, sai trái trên không gian mạng xã hội. Hội Sinh viên cấp trường phối hợp với Đoàn Thanh niên, tham mưu lãnh đạo cấp ủy, Ban giám hiệu nhà trường đối thoại với sinh viên. - - Hội Sinh viên Việt Nam ở nước ngoài tham mưu Đảng ủy, Đại sứ quán Việt Nam ở nước sở tại thường xuyên đối thoại, gặp gỡ với sinh viên, giúp hội viên, sinh viên trao đổi, bày tỏ nguyện vọng, nhu cầu chính đáng trong học tập và cuộc sống. Tổ chức các hoạt động giao lưu văn hóa, ngày Việt Nam, ngày truyền thống học sinh, sinh viên và Hội Sinh viên Việt Nam ở các nước nhằm quảng bá hình ảnh đất nước, con người Việt Nam đến với bạn bè quốc tế.",12295,,False,True,False,False,907,198,chunk_23,chunk_25
chunk_25,"## 3. Sinh viên học tập, sáng tạo, nghiên cứu khoa học",13204,"3. Sinh viên học tập, sáng tạo, nghiên cứu khoa học",False,False,False,False,54,12,chunk_24,chunk_26
chunk_26,## 3.1. Trung ương Hội Sinh viên Việt Nam,13260,3.1. Trung ương Hội Sinh viên Việt Nam,False,False,False,False,41,9,chunk_25,chunk_27
chunk_27,"- - Phối hợp tổ Bộ Giáo dục và Đào tạo và các Hội tổ chức các sân chơi học thuật cho sinh viên: Giải thưởng ""Sinh viên nghiên cứu khoa học"" , Giải thưởng Khoa học và Công nghệ dành cho sinh viên , Hội thi Olympic Tin học Sinh viên, Olympic Toán học sinh viên, Olympic Cơ học sinh viên toàn quốc. - - Xây dựng bộ ấn phẩm truyền thông số trên nền tảng truyền thông xã hội (mạng xã hội, cổng thông tin điện tử, truyền hình…). Vận động sự tham gia của các KOL, các nhà khoa học trẻ có uy tín trong việc tuyên truyền, cổ vũ sinh viên nghiên cứu khoa học. - - Phối hợp với các chuyên gia, nhà khoa học trẻ xây dựng hệ thống bài giảng trực tuyến về nghiên cứu khoa học cho sinh viên. - - Thành lập các cộng đồng sinh viên chuyên ngành, liên ngành giữa các nhà trường, các khối ngành đào tạo. - - Xây dựng kênh thông tin khoahoctre.hoisinhvien.com.vn chia sẻ, trao đổi về phương pháp nghiên cứu, kết nối các ý tưởng, đề tài, khoa học dữ liệu về nghiên cứu khoa học cho sinh viên.",13303,,False,True,False,False,973,205,chunk_26,chunk_28
chunk_28,"- - Xây dựng kênh thông tin khoahoctre.hoisinhvien.com.vn chia sẻ, trao đổi về phương pháp nghiên cứu, kết nối các ý tưởng, đề tài, khoa học dữ liệu về nghiên cứu khoa học cho sinh viên. - - Tổ chức tập huấn, bồi dưỡng kiến thức, kỹ năng triển khai hoạt động Nghiên cứu khoa học cho đội ngũ cán bộ Hội Sinh viên Việt Nam chủ chốt cấp tỉnh, cấp trường và Hội Sinh viên Việt Nam ở nước ngoài.",14090,,False,True,False,False,390,81,chunk_27,chunk_29
chunk_29,"## 3.2. Hội Sinh viên cấp tỉnh, ngoài nước, các trường trực thuộc - - Tổ chức các diễn đàn trực tuyến trao đổi, hướng dẫn phương pháp học tập, nghiên cứu khoa học, có giải pháp hỗ trợ các công trình nghiên cứu khoa học của sinh viên được công bố quốc tế; xây dựng ngân hàng học liệu, đề tài nghiên cứu khoa học của sinh viên theo từng chuyên ngành, năm học; xây dựng mới, duy trì và củng cố hoạt động của các câu lạc bộ, đội, nhóm, cộng đồng mạng xã hội về học tập.",14482,"3.2. Hội Sinh viên cấp tỉnh, ngoài nước, các trường trực thuộc - - Tổ chức các diễn đàn trực tuyến trao đổi, hướng dẫn phương pháp học tập, nghiên cứu khoa học, có giải pháp hỗ trợ các công trình nghiên cứu khoa học của sinh viên được công bố quốc tế; xây dựng ngân hàng học liệu, đề tài nghiên cứu khoa học của sinh viên theo từng chuyên ngành, năm học; xây dựng mới, duy trì và củng cố hoạt động của các câu lạc bộ, đội, nhóm, cộng đồng mạng xã hội về học tập.",False,False,False,False,466,100,chunk_28,chunk_30
chunk_30,"- - Hội Sinh viên cấp tỉnh, cấp trường xây dựng và ban hành Kế hoạch triển khai Đề án ""Nâng cao năng lực nghiên cứu khoa học trong sinh viên"". - - Duy trì, nâng cao chất lượng và thành lập mới các CLB sinh viên nghiên cứu khoa học. Mở rộng mạng lưới cựu sinh viên, các nhà khoa học trẻ tư vấn, hỗ trợ sinh viên về kiến thức, kỹ năng học tập. Tổ chức Hội trại Nghiên cứu khoa học dành cho sinh viên, giảng viên trẻ. - - Tổ chức hoặc phối hợp tổ chức Ngày hội sinh viên sáng tạo theo hướng ứng dụng khoa học, công nghệ mới vào giải quyết các vấn đề mới trong thực tiễn. Triển khai, xây dựng và vận hành hiệu quả ""Sàn giao dịch ý tưởng sáng tạo"" từ đó tạo diễn đàn chia sẻ, giao lưu các ý tưởng, đề tài, kêu gọi đầu tư và tuyên dương gương mặt sinh viên tiêu biểu. - - Tạo các quỹ hỗ trợ tài chính cho sinh viên công bố kết quả nghiên cứu trên các tạp chí khoa học quốc tế uy tín. Cung cấp các dịch vụ tư vấn, biên tập và dịch thuật để giúp sinh viên hoàn thiện các bài báo khoa học.",14951,,False,True,False,False,980,219,chunk_29,chunk_31
chunk_31,"- - Phát triển các tạp chí, chuyên san khoa học dành cho sinh viên để đăng tải và quảng bá rộng rãi các công trình và sản phẩm nghiên cứu khoa học của sinh viên. - - Phát triển mô hình liên kết sinh viên có thành tích, kinh nghiệm làm nghiên cứu khoa học hướng dẫn các sinh viên khác cùng tham gia thực hiện các công trình nghiên cứu. Xây dựng mạng lưới kết nối giữa các nhóm nghiên cứu và sinh viên. - - Tổ chức, phối hợp tổ chức hoạt động cho sinh viên tham quan học tập, trao đổi kinh nghiệm với các cơ sở đào tạo, cơ sở nghiên cứu, các doanh nghiệp. - - Tổ chức các diễn đàn trực tuyến giới thiệu các đầu sách hay; tọa đàm, giao lưu với các tác giả sách; xây dựng các trào lưu đọc sách online theo chủ đề; xây dựng mô hình "" Đại sứ văn hoá đọc "" trong các nhà trường; vận động sinh viên tham gia chương trình "" Mỗi thanh niên một cuốn sách làm bạn "", ""Đọc sách vì tương lai"", "" Mỗi tháng một cuốn sách hay "" ...",15932,,False,True,False,False,916,202,chunk_30,chunk_32
chunk_32,"- - Tổ chức ít nhất 01 hoạt động cho sinh viên tham quan học tập, trao đổi kinh nghiệm với các cơ sở nghiên cứu, đào tạo và các doanh nghiệp. Xây dựng không gian sinh viên nghiên cứu khoa học, tạo cơ hội sinh viên gặp gỡ, trao đổi ý tưởng và trưng bày các sản phẩm của sinh viên. - - Hội Sinh viên cấp trường phối hợp với các phòng ban chuyên môn tư vấn, hỗ trợ sinh viên tham gia các diễn đàn, thực hiện ấn phẩm khoa học theo chuẩn quốc tế để sinh viên có điều kiện công bố các nghiên cứu khoa học. - - Biểu dương, tôn vinh sinh viên đạt kết quả cao trong nghiên cứu khoa học, các cuộc thi học thuật của trường, khu vực, toàn quốc và quốc tế. Thành lập Quỹ hỗ trợ sinh viên học tập, nghiên cứu các ngành, lĩnh vực khoa học công nghệ mũi nhọn, đặc thù.",16849,,False,True,False,False,752,165,chunk_31,chunk_33
chunk_33,"- - Hội Sinh viên Việt Nam ở các nước phối hợp tổ chức các Hội thảo khoa học dành cho sinh viên, nghiên cứu sinh Việt Nam ở nước ngoài, các diễn đàn khoa học sinh viên. Hội Sinh viên Việt Nam ở nước ngoài khuyến khích hội viên, sinh viên, nghiên cứu sinh Việt Nam ở nước ngoài hỗ trợ lẫn nhau trong học tập, nghiên cứu ở nước sở tại; chia sẻ kinh nghiệm học tập, tài liệu khoa học và phát huy các ý tưởng, sáng kiến; phối hợp với Hội Sinh viên Việt Nam ở trong nước, các chuyên gia, nhà khoa học tại nước sở tại tổ chức các hội nghị tọa đàm trực tuyến, chia sẻ tài liệu, giới thiệu các phương pháp học tập hiện đại.",17603,,False,True,False,False,615,134,chunk_32,chunk_34
chunk_34,"## 4. Sinh viên rèn luyện thể chất ## 4.1. Trung ương Hội Sinh viên Việt Nam - - Tiếp tục chỉ đạo triển khai cuộc vận động "" Mỗi sinh viên tập luyện một môn thể thao "" theo các hình thức thích hợp gắn với nâng cao thể chất. - -Nâng cấp hệ thống quản lý, theo dõi các giải chạy trực tuyến https://running.vsds.vn, mở rộng quy mô đến 100% cấp tỉnh, cấp trường, tích hợp thông tin với hệ thống quản lý, theo dõi danh hiệu Sinh viên 5 tốt các cấp. - - Vận động hội viên, sinh viên tham gia cuộc vận động ""Mỗi sinh viên tập luyện một môn thể thao"" . - - Tổ chức giải thể thao Sinh viên Việt Nam VUG. - - Phối hợp tổ chức giải Bóng đá Thanh niên Sinh viên Việt Nam , - - Ngày hội ""Sinh viên khỏe"".",18220,"4. Sinh viên rèn luyện thể chất ## 4.1. Trung ương Hội Sinh viên Việt Nam - - Tiếp tục chỉ đạo triển khai cuộc vận động "" Mỗi sinh viên tập luyện một môn thể thao "" theo các hình thức thích hợp gắn với nâng cao thể chất. - -Nâng cấp hệ thống quản lý, theo dõi các giải chạy trực tuyến https://running.vsds.vn, mở rộng quy mô đến 100% cấp tỉnh, cấp trường, tích hợp thông tin với hệ thống quản lý, theo dõi danh hiệu Sinh viên 5 tốt các cấp. - - Vận động hội viên, sinh viên tham gia cuộc vận động ""Mỗi sinh viên tập luyện một môn thể thao"" . - - Tổ chức giải thể thao Sinh viên Việt Nam VUG. - - Phối hợp tổ chức giải Bóng đá Thanh niên Sinh viên Việt Nam , - - Ngày hội ""Sinh viên khỏe"".",False,False,False,False,691,153,chunk_33,chunk_35
chunk_35,"## 4.2. Hội Sinh viên cấp tỉnh, ngoài nước, các trường trực thuộc",18915,"4.2. Hội Sinh viên cấp tỉnh, ngoài nước, các trường trực thuộc",False,False,False,False,65,13,chunk_34,chunk_36
chunk_36,"- - Tuyên truyền, giáo dục, nâng cao nhận thức và tổ chức các hoạt động để thực hiện các biện pháp nâng cao tầm vóc, thể lực của sinh viên Việt Nam, tổ chức các hoạt động "" Ngày hội sinh viên khỏe "", giải thể thao cho sinh viên và cấp giấy chứng nhận ""Sinh viên khỏe"" cho các sinh viên đạt tiêu chuẩn. - -Đẩy mạnh tuyên truyền, triển khai Cuộc vận động ""Mỗi sinh viên tập luyện một môn thể thao"". Xây dựng ý thức khám sức khỏe định kỳ cho sinh viên; nghiên cứu, tư vấn, hướng dẫn sinh viên chế độ dinh dưỡng, tập luyện thể dục, thể thao nâng cao sức khỏe phòng chống các loại dịch bệnh. - - Khuyến khích sinh viên tham gia các trào lưu thi đua tập luyện thể thao bổ ích trên mạng xã hội, cung cấp các bài tập luyện cơ bản thông qua các ấn phẩm trực tuyến hướng dẫn cho các bạn hội viên, sinh viên tham gia tập luyện tại nhà. Duy trì, thành lập mới các câu lạc bộ, đội, nhóm, cộng đồng mạng xã hội về thể thao sinh viên.",18982,,False,True,False,False,921,199,chunk_35,chunk_37
chunk_37,"- - Tham mưu với nhà trường về việc tạo điều kiện sử dụng, quản lý các công trình thể thao phục vụ việc rèn luyện sức khỏe của sinh viên, nâng cao chất lượng dinh dưỡng và điều kiện phục vụ tại các nhà ăn, căng tin sinh viên, xây dựng môi trường sống văn minh, lành mạnh. Liên hệ, giới thiệu các địa điểm tập luyện thể dục, thể thao chất lượng, giá thành ưu đãi cho sinh viên .",19904,,False,True,False,False,378,82,chunk_36,chunk_38
chunk_38,"- - Hội Sinh viên Việt Nam ở nước ngoài duy trì và phát triển hoạt động của các câu lạc bộ, đội, nhóm thể thao của sinh viên Việt Nam ở nước sở tại; định kỳ tổ chức các giải đấu thể thao, ngày hội thể thao cho hội viên, sinh viên Việt Nam ở nước sở tại.",20284,,False,True,False,False,253,59,chunk_37,chunk_39
chunk_39,"## 5. Sinh viên tình nguyện vì cuộc sống cộng đồng ## 5.1. Trung ương Hội Sinh viên Việt Nam - - Tổ chức thực hiện chương trình ""Tình nguyện mùa đông"", ""Xuân tình nguyện"" . - - Tổ chức chương trình ""Tiếp sức mùa thi"" , ""Tiếp sức đến trường"" năm 2025 - - Tổ chức chiến dịch tình nguyện ""Mùa hè xanh"" năm 2025. - - Xây dựng công cụ số thống kê, theo dõi hoạt động tình nguyện của sinh viên tích hợp với ứng dụng Sinh viên Việt Nam và chuyên trang Sinh viên 5 tốt. - - Phối hợp tổ chức Cuộc thi Sinh viên thế hệ mới 2024. - - Hướng dẫn các cấp bộ Hội triển khai Kế hoạch thực hiện Đề án ""Tăng cường năng lực quản lý, điều phối hoạt động tình nguyện cho đội ngũ cán bộ Đoàn Thanh niên, Hội Liên hiệp Thanh niên Việt Nam, Hội Sinh viên Việt Nam các cấp giai đoạn 2022 - 2030"" của Trung ương Đoàn.",20539,"5. Sinh viên tình nguyện vì cuộc sống cộng đồng ## 5.1. Trung ương Hội Sinh viên Việt Nam - - Tổ chức thực hiện chương trình ""Tình nguyện mùa đông"", ""Xuân tình nguyện"" . - - Tổ chức chương trình ""Tiếp sức mùa thi"" , ""Tiếp sức đến trường"" năm 2025 - - Tổ chức chiến dịch tình nguyện ""Mùa hè xanh"" năm 2025. - - Xây dựng công cụ số thống kê, theo dõi hoạt động tình nguyện của sinh viên tích hợp với ứng dụng Sinh viên Việt Nam và chuyên trang Sinh viên 5 tốt. - - Phối hợp tổ chức Cuộc thi Sinh viên thế hệ mới 2024. - - Hướng dẫn các cấp bộ Hội triển khai Kế hoạch thực hiện Đề án ""Tăng cường năng lực quản lý, điều phối hoạt động tình nguyện cho đội ngũ cán bộ Đoàn Thanh niên, Hội Liên hiệp Thanh niên Việt Nam, Hội Sinh viên Việt Nam các cấp giai đoạn 2022 - 2030"" của Trung ương Đoàn.",False,False,False,False,791,173,chunk_38,chunk_40
chunk_40,"## 5.2. Hội Sinh viên cấp tỉnh, ngoài nước, các trường trực thuộc",21334,"5.2. Hội Sinh viên cấp tỉnh, ngoài nước, các trường trực thuộc",False,False,False,False,65,13,chunk_39,chunk_41
chunk_41,"- - Nghiên cứu, triển khai hiệu quả các hoạt động tình nguyện tại chỗ, tình nguyện trực tuyến phù hợp với nhu cầu, điều kiện thực tế của địa phương, đơn vị. Tổ chức tuyên truyền, phổ biến kiến thức về sức khỏe sinh sản, phòng chống tệ nạn xã hội, phòng chống và ngăn ngừa dịch bệnh, sử dụng thực phẩm an toàn. - - Tổ chức tập huấn hướng dẫn phương pháp tổ chức các hoạt động tình nguyện, cách thức xây dựng và triển khai các dự án tình nguyện, trang bị kỹ năng tình nguyện cho sinh viên. Thực hiện chủ trương ""3 liên kết"" (liên kết lực lượng, liên kết địa bàn, liên kết cộng đồng). Duy trì, phát triển các câu lạc bộ, tổ, đội, nhóm tình nguyện; định hướng, dẫn dắt và phát huy các đội nhóm tình nguyện chưa thuộc tổ chức Hội.",21401,,False,True,False,False,726,152,chunk_40,chunk_42
chunk_42,"- - Chủ động thay đổi phương thức triển khai hiệu quả các chiến dịch sinh viên tình nguyện ""Mùa hè xanh"" , ""Tình nguyện Mùa đông"" , ""Xuân tình nguyện"" ; chương trình ""Tiếp sức mùa thi"" , ""Tiếp sức đến trường"" dựa trên nghiên cứu, đánh giá thực tiễn nhu cầu nguồn lực của địa bàn triển khai hoạt động. Tổ chức đa dạng các mô hình tình nguyện tại chỗ, tình nguyện thường xuyên, ""Ngày Thứ bảy tình nguyện"" , ""Ngày Chủ nhật xanh"" . Ứng dụng chuyên môn, ngành nghề đào tạo của sinh viên trong các hoạt động tình nguyện nhằm giải quyết các vấn đề mới, vấn đề bức xúc trên địa bàn nhà trường, địa phương. Phấn đấu mỗi hội viên tham gia ít nhất 05 ngày tình nguyện. Xây dựng các công cụ để thống kê số ngày tình nguyện của sinh viên và cấp chứng nhận trực tuyến trên cơ sở ứng dụng công nghệ thông tin.",22128,,False,True,False,False,794,166,chunk_41,chunk_43
chunk_43,"- - Tuyên truyền, vận động sinh viên tham gia hiến máu tình nguyện. Hội Sinh viên các tỉnh, thành phố phối hợp tổ chức các "" Ngày hội hiến máu tình nguyện ""; duy trì "" Ngân hàng máu sống, máu hiếm "" trong sinh viên. Xây dựng các điểm hiến máu cố định đáp ứng nhu cầu trong bối cảnh dịch bệnh. - - Tổ chức ít nhất 01 hoạt động tình nguyện cấp Cụm hoặc liên cụm. - - Xem xét, triển khai phù hợp các hoạt động tình nguyện quốc tế tại Lào, Campuchia. - - Hội Sinh viên Việt Nam ở nước ngoài tăng cường các hoạt động tình nguyện hướng về Tổ quốc, vận động hội viên, sinh viên tham gia các hoạt động tình nguyện trực tuyến; thành lập các đội hình sinh viên tình nguyện dạy tiếng Việt cho con em kiều bào ở nước ngoài; tổ chức các hoạt động tình nguyện tại chỗ hướng về cộng đồng người Việt Nam ở nước sở tại.",22924,,False,True,False,False,802,174,chunk_42,chunk_44
chunk_44,"- - Chú trọng việc lượng hóa trong thực hiện các hoạt động tình nguyện, khuyến khích tổ chức các hoạt động tình nguyện dưới dạng các dự án cụ thể để dễ quản lý và kiểm soát chất lượng, hiệu quả của hoạt động.",23727,,False,True,False,False,208,45,chunk_43,chunk_45
chunk_45,"## 6. Sinh viên chủ động hội nhập quốc tế ## 6.1. Trung ương Hội Sinh viên Việt Nam - - Tuyên truyền, phối hợp giới thiệu hội viên, sinh viên tiêu biểu tham gia các hoạt động đối ngoại, quốc tế thanh niên. - - Tổ chức Hội thi Olympic tiếng Anh học sinh, sinh viên toàn quốc lần thứ VII, năm 2025. - - Tiếp tục triển khai thực hiện các hoạt động đối ngoại thanh niên của Hội Sinh viên Việt Nam. Thúc đẩy hợp tác với các tổ chức quốc tế trên các lĩnh vực phù hợp với nhu cầu của hội viên, sinh viên giai đoạn hiện nay như: phát triển kỹ năng thực hành xã hội, nâng cao năng lực đổi mới sáng tạo, tình nguyện vì cộng đồng, bảo vệ môi trường và phát triển bền vững, khởi nghiệp, lập nghiệp. - - Tiếp tục theo dõi, hướng dẫn tổ chức các hoạt động kết nối giữa Hội Sinh viên Việt Nam ở nước ngoài với các Hội Sinh viên Việt Nam trong nước, thực hiện việc trao đổi nguồn lực. Tổ chức các đoàn công tác phối hợp triển khai hoạt động, phong trào tại các nước sở tại có Hội Sinh viên Việt Nam ngoài nước.",23937,"6. Sinh viên chủ động hội nhập quốc tế ## 6.1. Trung ương Hội Sinh viên Việt Nam - - Tuyên truyền, phối hợp giới thiệu hội viên, sinh viên tiêu biểu tham gia các hoạt động đối ngoại, quốc tế thanh niên. - - Tổ chức Hội thi Olympic tiếng Anh học sinh, sinh viên toàn quốc lần thứ VII, năm 2025. - - Tiếp tục triển khai thực hiện các hoạt động đối ngoại thanh niên của Hội Sinh viên Việt Nam. Thúc đẩy hợp tác với các tổ chức quốc tế trên các lĩnh vực phù hợp với nhu cầu của hội viên, sinh viên giai đoạn hiện nay như: phát triển kỹ năng thực hành xã hội, nâng cao năng lực đổi mới sáng tạo, tình nguyện vì cộng đồng, bảo vệ môi trường và phát triển bền vững, khởi nghiệp, lập nghiệp. - - Tiếp tục theo dõi, hướng dẫn tổ chức các hoạt động kết nối giữa Hội Sinh viên Việt Nam ở nước ngoài với các Hội Sinh viên Việt Nam trong nước, thực hiện việc trao đổi nguồn lực. Tổ chức các đoàn công tác phối hợp triển khai hoạt động, phong trào tại các nước sở tại có Hội Sinh viên Việt Nam ngoài nước.",False,False,False,False,995,215,chunk_44,chunk_46
chunk_46,"## 6.2. Hội Sinh viên cấp tỉnh, ngoài nước, các trường trực thuộc - - Tổ chức các hoạt động tuyên truyền, nâng cao nhận thức, kiến thức của cán bộ Hội, hội viên, sinh viên đối với Hiệp định thương mại tự do thế hệ mới, Cộng đồng chung ASEAN, tình hình Biển Đông, tình hình khu vực và thế giới, các chuyên đề hội nhập quốc tế, các kiến thức pháp luật, thông lệ quốc tế; vai trò của hội nhập quốc tế đối với sự phát triển bền vững của đất nước. Trong đó, tập trung đẩy mạnh các hình thức tuyên truyền phù hợp với đối tượng sinh viên: infographic, motion graphic, clip ngắn,…",24936,"6.2. Hội Sinh viên cấp tỉnh, ngoài nước, các trường trực thuộc - - Tổ chức các hoạt động tuyên truyền, nâng cao nhận thức, kiến thức của cán bộ Hội, hội viên, sinh viên đối với Hiệp định thương mại tự do thế hệ mới, Cộng đồng chung ASEAN, tình hình Biển Đông, tình hình khu vực và thế giới, các chuyên đề hội nhập quốc tế, các kiến thức pháp luật, thông lệ quốc tế; vai trò của hội nhập quốc tế đối với sự phát triển bền vững của đất nước. Trong đó, tập trung đẩy mạnh các hình thức tuyên truyền phù hợp với đối tượng sinh viên: infographic, motion graphic, clip ngắn,…",False,False,False,False,572,118,chunk_45,chunk_47
chunk_47,"- - Tổ chức ít nhất 01 hội thi, diễn đàn, tọa đàm, cung cấp thông tin thời sự quốc tế, trang bị kiến thức, kỹ năng hội nhập cho sinh viên Việt Nam và sinh viên quốc tế đang học tập tại Việt Nam bằng hình thức trực tuyến hoặc trực tiếp. - - Tổ chức các hoạt động nâng cao năng lực Tiếng Anh trong sinh viên như cuộc thi Olympic Tiếng Anh, cuộc thi viết bằng Tiếng Anh; thiết kế, dựng bản tin (thời sự, văn hóa, các vấn đề sinh viên quan tâm, hoạt động Hội Sinh viên) bằng Tiếng Anh ở các cấp bộ Hội. Triển khai đa dạng các hình thức học tập, rèn luyện tiếng Anh thông qua các các ứng dụng trực tuyến, CLB Tiếng Anh trong các trường và cộng đồng mạng xã hội.",25511,,False,True,False,False,657,143,chunk_46,chunk_48
chunk_48,"- - Hội Sinh viên Việt Nam ở nước ngoài hằng năm tổ chức ít nhất 01 hoạt động tuyên truyền, quảng bá giới thiệu về văn hóa, đất nước và con người Việt Nam với sinh viên quốc tế. Tích cực vận động bạn bè quốc tế và kiều bào ủng hộ đường lối, chính sách của Việt Nam, tham gia tích cực các hoạt động do Đại sứ quán, Hội người Việt Nam ở các nước tổ chức. Tổ chức các hoạt động phối hợp, giao lưu với sinh viên quốc tế, sinh viên ASEAN ở nước sở tại. Cung cấp thông tin, hỗ trợ du học sinh mới, nhanh chóng hòa nhập với cuộc sống, điều kiện học tập ở nước sở tại. Khuyến khích hình thức sử dụng các nền tảng kết nối trực tuyến giữa các điểm cầu trong nước và quốc tế. Tổng hợp, chia sẻ dữ liệu, tài nguyên, mô hình về chuyển đổi số ở nước sở tại.",26169,,False,True,False,False,743,166,chunk_47,chunk_49
chunk_49,"## 7. Chương trình tư vấn, đồng hành, hỗ trợ sinh viên ## 7.1 Trung ương Hội Sinh viên Việt Nam - - Vận động nguồn lực, kết nối các doanh nghiệp triển khai đợt cung cấp dịch vụ miễn phí, giảm giá cho học sinh, sinh viên trong dịp kỷ niệm Ngày truyền thống học sinh, sinh viên và Hội Sinh viên Việt Nam. - - Tổ chức các hoạt động hỗ trợ sinh viên về quê đón Tết. - - Tổ chức Chương trình Unitour năm 2025. - - Xây dựng, hoàn thiện Đề án Hỗ trợ sinh viên khởi nghiệp, lập nghiệp; đề án Đồng hành, hỗ trợ tài chính sinh viên. - - Vận hành hiệu quả Quỹ Hỗ trợ và Phát triển sinh viên Việt Nam; tiếp tục vận động nguồn lực xã hội tăng số vốn cố định của Quỹ; trao học bổng hỗ trợ tân sinh viên, sinh viên có hoàn cảnh khó khăn, học giỏi; phối hợp với các tổ chức, doanh nghiệp trao học bổng cho sinh viên có hoàn cảnh đặc biệt. - - Vận hành hiệu quả chương trình "" Vững bước đến trường "" cho vay học phí Đại học lãi suất 0%.",26914,"7. Chương trình tư vấn, đồng hành, hỗ trợ sinh viên ## 7.1 Trung ương Hội Sinh viên Việt Nam - - Vận động nguồn lực, kết nối các doanh nghiệp triển khai đợt cung cấp dịch vụ miễn phí, giảm giá cho học sinh, sinh viên trong dịp kỷ niệm Ngày truyền thống học sinh, sinh viên và Hội Sinh viên Việt Nam. - - Tổ chức các hoạt động hỗ trợ sinh viên về quê đón Tết. - - Tổ chức Chương trình Unitour năm 2025. - - Xây dựng, hoàn thiện Đề án Hỗ trợ sinh viên khởi nghiệp, lập nghiệp; đề án Đồng hành, hỗ trợ tài chính sinh viên. - - Vận hành hiệu quả Quỹ Hỗ trợ và Phát triển sinh viên Việt Nam; tiếp tục vận động nguồn lực xã hội tăng số vốn cố định của Quỹ; trao học bổng hỗ trợ tân sinh viên, sinh viên có hoàn cảnh khó khăn, học giỏi; phối hợp với các tổ chức, doanh nghiệp trao học bổng cho sinh viên có hoàn cảnh đặc biệt. - - Vận hành hiệu quả chương trình "" Vững bước đến trường "" cho vay học phí Đại học lãi suất 0%.",False,False,False,False,921,205,chunk_48,chunk_50
chunk_50,"## 7.2. Hội Sinh viên cấp tỉnh, ngoài nước, các trường trực thuộc - - Tổ chức khảo sát, đánh giá nhu cầu, xu hướng phát triển của sinh viên để triển khai hiệu quả các hoạt động đồng hành, tư vấn, hỗ trợ sinh viên với trọng tâm đẩy mạnh triển khai các hoạt động trực tuyến, ứng dụng công nghệ cao. Phát triển các câu lạc bộ, các cuộc thi, ngày hội, sinh hoạt đội, nhóm về công nghệ số, chuyển đổi số; tổ chức các chương trình, diễn đàn… thực hành, công nghệ số trong sinh viên.",27839,"7.2. Hội Sinh viên cấp tỉnh, ngoài nước, các trường trực thuộc - - Tổ chức khảo sát, đánh giá nhu cầu, xu hướng phát triển của sinh viên để triển khai hiệu quả các hoạt động đồng hành, tư vấn, hỗ trợ sinh viên với trọng tâm đẩy mạnh triển khai các hoạt động trực tuyến, ứng dụng công nghệ cao. Phát triển các câu lạc bộ, các cuộc thi, ngày hội, sinh hoạt đội, nhóm về công nghệ số, chuyển đổi số; tổ chức các chương trình, diễn đàn… thực hành, công nghệ số trong sinh viên.",False,False,False,False,476,100,chunk_49,chunk_51
chunk_51,"- - Tổ chức khảo sát, đánh giá thực trạng bồi dưỡng, khả năng sử dụng kỹ năng thực hành xã hội của hội viên, sinh viên địa phương, đơn vị. Tuyên truyền, triển khai, phối hợp xây dựng bài giảng, workshop đào tạo cho sinh viên trên nền tảng đào tạo kỹ năng thực hành xã hội, tư vấn tâm lý của Trung ương Hội Sinh viên Việt Nam. - - Thường xuyên tổ chức các hoạt động văn hóa, văn nghệ, thể dục thể thao, các chương trình rèn luyện, bồi dưỡng kỹ năng thực hành xã hội tạo sân chơi văn hóa tinh thần bổ ích cho sinh viên, đặc biệt là các sân chơi trên truyền hình.",28318,,False,True,False,False,563,121,chunk_50,chunk_52
chunk_52,"- - Tìm kiếm, vận động nguồn lực xây dựng quỹ học bổng khuyến học, hỗ trợ học tập cho sinh viên. Đề xuất với nhà trường tạo cơ chế, kết nối và phối hợp với các tổ chức, cá nhân hỗ trợ học phí, kinh phí nghiên cứu khoa học, điều kiện cơ sở vật chất cho sinh viên có hoàn cảnh khó khăn, sinh viên yếu thế, sinh viên dân tộc thiểu số. Đẩy mạnh tập hợp, kết nối, phát huy tài năng trẻ; tham mưu, đề xuất chính sách phát hiện, bồi dưỡng, trọng dụng tài năng trẻ. - - Tuyên truyền, triển khai, phối hợp kết nối các đơn vị tuyển dụng, giới thiệu sinh viên tham gia nền tảng tư vấn hướng nghiệp trực tuyến của Trung ương Hội Sinh viên Việt Nam, tổ chức ""Ngày hội việc làm"" , ""Ngày tuyển dụng"" , ""Tọa đàm sinh viên và nhà tuyển dụng"", ""Diễn đàn sinh viên khởi nghiệp"", thành lập câu lạc bộ Khởi nghiệp cho sinh viên.",28882,,False,True,False,False,807,173,chunk_51,chunk_53
chunk_53,"- - Phối hợp với các đơn vị chức năng hoàn thiện hệ sinh thái khởi nghiệp trong các Nhà trường; kết nối ý tưởng khởi nghiệp của sinh viên với các nhà đầu tư tiềm năng; tổ chức các cuộc thi, chương trình để phát triển Sàn giao dịch ý tưởng, Vườn ươm khởi nghiệp, Không gian khởi nghiệp trong môi trường giáo dục. Thực hiện có hiệu quả Đề án ""Hỗ trợ sinh viên khởi nghiệp đến năm 2025"" . - - Thành lập các câu lạc bộ tư vấn tâm lý cho sinh viên. Thường xuyên gặp gỡ, trao đổi, kịp thời chia sẻ, nắm bắt tâm tư, tình cảm và giúp sinh viên tránh các bệnh lý về tâm lý. Tổ chức các hoạt động truyền thông nâng cao nhận thức về tác hại của ma túy, rượu bia, thuốc lá và các chất kích thích. Tổ chức các chương trình giáo dục giới tính, sức khỏe sinh sản vị thành niên, phòng chống HIV/AIDS trong sinh viên.",29690,,False,True,False,False,800,172,chunk_52,chunk_54
chunk_54,"- - Hội Sinh viên Việt Nam ở ngoài nước tổ chức các hoạt động hỗ trợ, giới thiệu chỗ ở, mở thẻ ngân hàng, hướng dẫn sử dụng các tiện ích công cộng cho sinh viên mới; tổ chức ngày hội tư vấn, giới thiệu việc làm, các diễn đàn tư vấn về ngành học, hội thảo về kiến thức, kỹ năng khởi nghiệp cho hội viên, sinh viên. Triển khai các giải pháp kết nối, hỗ trợ sinh viên ngoài nước sau khi ra trường về làm việc tại các cơ quan, doanh nghiệp trong nước.",30491,,False,True,False,False,447,98,chunk_53,chunk_55
chunk_55,## 8. Chương trình Xây dựng Hội Sinh viên Việt Nam vững mạnh,30940,8. Chương trình Xây dựng Hội Sinh viên Việt Nam vững mạnh,False,False,False,False,60,13,chunk_54,chunk_56
chunk_56,## 8.1. Trung ương Hội Sinh viên Việt Nam,31002,8.1. Trung ương Hội Sinh viên Việt Nam,False,False,False,False,41,9,chunk_55,chunk_57
chunk_57,"- - Xây dựng và triển khai các ứng dụng, hệ thống quản lý hội viên, Quản lý cơ sở dữ liệu và nghiệp vụ công tác Hội và phong trào Sinh viên Việt Nam, hệ thống phòng họp, tiếp nhận văn bản điều hành của Hội Sinh viên Việt Nam. - - Xây dựng khung năng lực cán bộ Hội Sinh viên Việt Nam và chuẩn hoá kiến thức, kỹ năng, nghiệp vụ đào tạo cán bộ Hội theo khung năng lực, theo từng đối tượng cán bộ Hội của từng cấp. Xây dựng Quy chế bổ nhiệm cán bộ Hội các cấp và áp dụng trên phạm vi toàn quốc. - - Tổ chức Trại huấn luyện cán bộ Hội Sinh viên Việt Nam toàn quốc.",31045,,False,True,False,False,560,128,chunk_56,chunk_58
chunk_58,"- - Tổ chức Trại huấn luyện cán bộ Hội Sinh viên Việt Nam toàn quốc. - - Phối hợp với Bộ Thông tin và Truyền thông, Bộ Công an cũng như các cơ quan, đơn vị có thẩm quyền, chức năng khác tổ chức các lớp đào tạo ngắn hạn về kiến thức, kỹ năng chuyển đổi số, khai thác các công nghệ số, dữ liệu số, nền tảng số, ứng dụng và cách triển khai nền tảng, ứng dụng công nghệ số, quản lý nền tảng công nghệ số dịch vụ số, xử lý thông tin số, kỹ năng bảo đảm an toàn thông tin, kỹ năng sử dụng công nghệ thông tin và chuyển đổi số, các kỹ năng số khác cho các cán bộ, Hội viên, sinh viên các cấp. - - Sử dụng hiệu quả ứng dụng Chatbot ""Cán bộ Hội Sinh viên Việt Nam"" trong hướng dẫn nghiệp vụ công tác Hội, các kỹ năng cần thiết trong triển khai phong trào tại các cấp bộ Hội cũng như các kỹ năng chuyển đổi số. Xây dựng, ban hành ""Sổ tay cán bộ Hội"" trực tuyến với thư viện số lưu trữ các bài giảng, tập huấn, các tài liệu hướng dẫn về kiến thức, kỹ năng chuyển đổi số.",31537,,False,True,False,False,959,216,chunk_57,chunk_59
chunk_59,"- - Tổ chức nghiên cứu xây dựng và ban hành các chương trình bồi dưỡng: Bồi dưỡng theo chức danh; Bồi dưỡng kiến thức, nghiệp vụ, kỹ năng cơ bản về công tác Hội cho cán bộ Hội mới nhận nhiệm vụ, chưa qua đào tạo; Bồi dưỡng theo chuyên môn, nghiệp vụ; Bồi dưỡng các chương trình mới, đáp ứng hội nhập quốc tế. - - Thành lập mạng lưới cựu cán bộ Hội ở các cấp; Thành lập câu lạc bộ cán bộ Hội theo các nhóm chuyên ngành, khối đặc thù. - - Xét, trao giải thưởng 9/1 cho các mô hình sáng tạo, hiệu quả trong công tác Hội và phong trào sinh viên năm học 2024 - 2025. - - Tổ chức các đoàn công tác kiểm tra hoạt động của Hội Sinh viên các tỉnh, thành phố, Hội Sinh viên các đại học, các trường trực thuộc. Trong đó tập trung chỉ đạo Hội Sinh viên các tỉnh, các trường xếp loại trung bình, yếu. Tổ chức tập huấn, hướng dẫn kỹ năng, nghiệp vụ công tác kiểm tra Hội Sinh viên cho các đồng chí cán bộ Hội làm công tác kiểm tra.",32497,,False,True,False,False,917,201,chunk_58,chunk_60
chunk_60,"- - Tổ chức giao ban trực tuyến mỗi quý 01 lần với Hội Sinh viên cấp tỉnh, thành phố và các trường trực thuộc Trung ương. Tổ chức 02 hội nghị giao ban trực tuyến giữa Chủ tịch Hội Sinh viên Việt Nam với sinh viên Việt Nam đang học tập ở nước ngoài. Tổ chức đối thoại giữa Thường trực Trung ương Hội Sinh viên Việt Nam với hội viên, sinh viên, cán bộ Hội Sinh viên Việt Nam.",33415,,False,True,False,False,373,81,chunk_59,chunk_61
chunk_61,"- - Mở rộng mạng lưới, thành lập mới Hội Sinh viên cấp tỉnh. Tham gia tích cực góp ý sửa đổi Nghị định 45, tháo gỡ khó khăn trong công tác thành lập Hội Sinh viên cấp trường, cấp tỉnh; đề xuất, kiến nghị với Chính phủ và các cơ quan hữu quan cơ chế đặc thù trong thành lập Hội Sinh viên cấp tỉnh, cấp trường. - - Kết nối, phối hợp với các đơn vị sự nghiệp công lập thuộc các cấp bộ đoàn triển khai các phong trào sinh viên, chú trọng thu hút sinh viên các trường chưa có tổ chức Hội, khối trường ngoài công lập tham gia các hoạt động của Hội.",33790,,False,True,False,False,542,119,chunk_60,chunk_62
chunk_62,"## 8.2. Hội Sinh viên cấp tỉnh, ngoài nước, các trường trực thuộc",34334,"8.2. Hội Sinh viên cấp tỉnh, ngoài nước, các trường trực thuộc",False,False,False,False,65,13,chunk_61,chunk_63
chunk_63,"- - Hội Sinh viên cấp tỉnh, cấp trường xây dựng và ban hành Kế hoạch triển khai Đề án ""Nâng cao năng lực cán bộ Hội Sinh viên Việt Nam"" và Đề án ""Chuyển đổi số các hoạt động của Hội Sinh viên Việt Nam"". - - Hội Sinh viên các tỉnh, thành căn cứ tình hình, nhu cầu và điều kiện của địa phương, đơn vị để xác định chỉ tiêu, xây dựng kế hoạch, chương trình và tổ chức các lớp bồi dưỡng cán bộ Hội theo phân cấp quản lý, bao gồm: Bồi dưỡng kiến thức, nghiệp vụ, kỹ năng công tác Hội cho cán bộ Hội Sinh viên cấp trường, cấp cơ sở; Bồi dưỡng chức danh chủ tịch Hội Sinh viên cấp cơ sở; Bồi dưỡng Chi hội trưởng, Chủ nhiệm/ Trưởng Câu lạc bội/ đội nhóm; Bồi dưỡng nghiệp vụ chuyên môn theo nhu cầu công tác Hội Sinh viên ở các địa phương, đơn vị.",34401,,False,True,False,False,739,163,chunk_62,chunk_64
chunk_64,"- - Đẩy mạnh các hoạt động tuyên truyền, giới thiệu hình ảnh, hoạt động, truyền thống phong trào sinh viên và Hội Sinh viên Việt Nam, thông qua các kênh thông tin, truyền thông của các cấp bộ Hội: website, mạng xã hội... nhân dịp đầu năm học, ngày 09/01, các chương trình, sự kiện của tổ chức Hội. - - Thành lập mạng lưới cựu cán bộ Hội ở các cấp; Thành lập câu lạc bộ cán bộ Hội theo các nhóm chuyên ngành, khối đặc thù. - - Chia sẻ, nhân rộng các mô hình 9/1, phấn đấu mỗi Hội Sinh viên cấp trường có 01 mô hình đề xuất xét trao giải thưởng 9/1. - - Tiếp tục đổi mới phương pháp và hình thức tập hợp sinh viên vào Hội, tăng cường các hoạt động giới thiệu về công tác hội và phong trào sinh viên của trường,triển khai đa dạng hoạt động CLB, đội, nhóm cho tân sinh viên trong dịp đầu năm học. Tập trung thực hiện tốt công tác kết nạp hội viên mới, cấp phát thẻ hội viên. Đẩy mạnh việc kết nối, thu hút sinh viên trên không gian mạng.",35141,,False,True,False,False,934,200,chunk_63,chunk_65
chunk_65,"- - Sử dụng hiệu quả ứng dụng Chatbot "" Cán bộ Hội Sinh viên Việt Nam "" trực tuyến, hướng dẫn nghiệp vụ công tác Hội và kỹ năng cần thiết do Trung ương Hội Sinh viên Việt Nam ban hành trong quá trình triển khai phong trào tại các cấp bộ Hội. - - Kiện toàn kịp thời tổ chức Hội Sinh viên các cấp. Chuẩn bị tốt nguồn cán bộ Hội từ sinh viên, từng bước nâng cao tỉ lệ sinh viên đảm nhận chức danh Chủ tịch, Phó Chủ tịch Hội Sinh viên cấp trường, nhất là các "" Sinh viên 5 tốt "" các cấp, hội viên, sinh viên có uy tín và ảnh hưởng tích cực trong sinh viên.",36076,,False,True,False,False,552,125,chunk_64,chunk_66
chunk_66,"- - Đẩy mạnh ứng dụng công nghệ thông tin, chuyển đổi số trong điều hành và quản lý hội viên, tổ chức các hoạt động phong trào. Tập trung thực hiện tốt công tác kết nạp hội viên mới, cấp phát thẻ hội viên. - - Phối hợp với Đoàn TNCS Hồ Chí Minh tham mưu thực hiện tốt Quyết định số 13/2013/QĐ-TTg ngày 06/02/2013 của Thủ tướng Chính phủ về chế độ, chính sách đối với cán bộ Đoàn Thanh niên cộng sản Hồ Chí Minh, Hội Sinh viên Việt Nam, Hội Liên hiệp Thanh niên Việt Nam trong các cơ sở giáo dục và cơ sở dạy nghề. - - Hội Sinh viên cấp tỉnh quan tâm, hỗ trợ, phối hợp tổ chức hoạt động phong trào tại các học viện, các trường đại học, cao đẳng chưa có tổ chức Hội Sinh viên. - - Các cấp bộ Hội chỉ đạo Ban Kiểm tra các cấp tăng cường công tác kiểm tra theo các chuyên đề, lĩnh vực công tác. - - Tham mưu cho Đảng uỷ, chính quyền tại cơ sở trong việc quan tâm, chăm lo, hỗ trợ cho cán bộ Hội hoàn thành xuất sắc nhiệm vụ. Ưu tiên cho đội ngũ cán bộ Hội là sinh viên.",36630,,False,True,False,False,965,215,chunk_65,chunk_67
chunk_67,"- - Tham mưu cho Đảng uỷ, chính quyền tại cơ sở trong việc quan tâm, chăm lo, hỗ trợ cho cán bộ Hội hoàn thành xuất sắc nhiệm vụ. Ưu tiên cho đội ngũ cán bộ Hội là sinh viên. - - Hội Sinh viên Việt Nam ở nước ngoài tiếp tục thực hiện hiệu quả hướng dẫn số 87 HD/TWHSV ngày 13/12/2016 về việc hướng dẫn một số vấn đề tổ chức và hoạt động của Hội Sinh viên Việt Nam ở nước ngoài; tăng cường công tác thông tin, báo cáo tới Trung ương Hội Sinh viên Việt Nam (báo cáo quý, báo cáo 6 tháng đầu năm học, báo cáo tổng kết năm học và các báo cáo chuyên đề). Kịp thời trao đổi, báo cáo kết quả kiện toàn nhân sự, tiến độ tổ chức đại hội, hội nghị với Trung ương Hội Sinh viên Việt Nam. Tổ chức các diễn đàn trao đổi thông tin, chia sẻ kinh nghiệm giữa cán bộ Hội các nước.",37421,,False,True,False,False,763,171,chunk_66,chunk_68
chunk_68,"## 9. Phát huy vai trò sinh viên trong xây dựng, bảo vệ Đảng và hệ thống chính trị",38186,"9. Phát huy vai trò sinh viên trong xây dựng, bảo vệ Đảng và hệ thống chính trị",False,False,False,False,82,19,chunk_67,chunk_69
chunk_69,"## 9.1. Trung ương Hội Sinh viên Việt Nam - - Xây dựng và phát triển kho dữ liệu truyền thông hiện đại về những nhận thức mới của Đảng ta về con đường đi lên chủ nghĩa xã hội ở Việt Nam; những quan điểm, chủ trương của Đảng, chính sách, pháp luật của Nhà nước. - - Phối hợp tổ chức Hội thi Olympic toàn quốc các môn khoa học Mác -Lênin và tư tưởng Hồ Chí Minh "" Ánh sáng soi đường "" lần thứ VI, năm 2025. - - Phát triển trang cộng đồng ""Ánh sao"" , mỗi tuần có ít nhất 02 bài viết đấu tranh bảo vệ nền tảng tư tưởng của Đảng, phản bác các quan điểm sai trái, thù địch trên không gian mạng. - - Xây dựng phương án cung cấp thông tin, trang bị kiến thức, phương pháp và kỹ năng tiếp cận, nhận diện thông tin để hội viên, sinh viên, cán bộ Hội tự phòng ngừa, đấu tranh phản bác các luận điệu xuyên tạc của các thế lực thù địch, chống phá với phương châm ""Nhận thức đúng, thông tin đủ, hành động nhanh, kết nối mạnh, lan toả rộng"".",38270,"9.1. Trung ương Hội Sinh viên Việt Nam - - Xây dựng và phát triển kho dữ liệu truyền thông hiện đại về những nhận thức mới của Đảng ta về con đường đi lên chủ nghĩa xã hội ở Việt Nam; những quan điểm, chủ trương của Đảng, chính sách, pháp luật của Nhà nước. - - Phối hợp tổ chức Hội thi Olympic toàn quốc các môn khoa học Mác -Lênin và tư tưởng Hồ Chí Minh "" Ánh sáng soi đường "" lần thứ VI, năm 2025. - - Phát triển trang cộng đồng ""Ánh sao"" , mỗi tuần có ít nhất 02 bài viết đấu tranh bảo vệ nền tảng tư tưởng của Đảng, phản bác các quan điểm sai trái, thù địch trên không gian mạng. - - Xây dựng phương án cung cấp thông tin, trang bị kiến thức, phương pháp và kỹ năng tiếp cận, nhận diện thông tin để hội viên, sinh viên, cán bộ Hội tự phòng ngừa, đấu tranh phản bác các luận điệu xuyên tạc của các thế lực thù địch, chống phá với phương châm ""Nhận thức đúng, thông tin đủ, hành động nhanh, kết nối mạnh, lan toả rộng"".",False,False,False,False,928,203,chunk_68,chunk_70
chunk_70,"## 9.2. Hội Sinh viên cấp tỉnh, ngoài nước, các trường trực thuộc",39201,"9.2. Hội Sinh viên cấp tỉnh, ngoài nước, các trường trực thuộc",False,False,False,False,65,13,chunk_69,chunk_71
chunk_71,"- - Tổ chức định kỳ các buổi sinh hoạt chuyên đề, diễn đàn cung cấp thông tin về tình hình đất nước, khu vực, thế giới; tổ chức các hội nghị tập huấn bổ sung kiến thức, kỹ năng đấu tranh, phản bác các quan điểm, luận điệu sai trái, xuyên tạc của các thế lực thù địch cho cán bộ Hội Sinh viên các cấp và lực lượng hội viên, sinh viên nòng cốt trong các phong trào, hoạt động của Hội. Thường xuyên khảo sát, nắm bắt tình hình tư tưởng, dư luận trong sinh viên. - - Nhân rộng các hình thức thi, tìm hiểu về chủ nghĩa Mác - Lênin, tư tưởng Hồ Chí Minh, về Đảng Cộng sản Việt Nam trên mạng internet. Tổ chức học tập các chuyên đề về tư tưởng, đạo đức, phong cách Hồ Chí Minh. Khơi dậy khát vọng sinh viên phát triển đất nước phồn vinh, hạnh phúc. Phấn đấu 100% hội viên, sinh viên học tập chuyên đề, đăng ký và hoàn thành các nội dung học tập và làm theo tư tưởng, đạo đức, phong cách Hồ Chí Minh.",39268,,False,True,False,False,892,193,chunk_70,chunk_72
chunk_72,"- - Định kỳ rà soát, bồi dưỡng sinh viên tiên tiến kết nạp vào Đoàn; thực hiện đúng nguyên tắc, quy trình và thủ tục kết nạp đoàn viên mới; tổ chức kết nạp gắn với các sự kiện chính trị quan trọng, các dịp kỷ niệm của Đoàn, Hội hàng năm. - - Xây dựng các giải pháp tuyên truyền, phối hợp, góp phần làm tốt công tác phát triển Đảng trong sinh viên; tổ chức các hoạt động tuyên truyền, giáo dục nhận thức và tạo môi trường rèn luyện cho sinh viên phấn đấu kết nạp Đảng. - - Phát huy thành viên các câu lạc bộ, đội, nhóm chủ động tham gia đấu tranh bảo vệ nền tảng tư tưởng của Đảng trước những nguồn thông tin sai lệch, độc hại, đặc biệt là trên mạng xã hội. Triển khai Chương trình ""Giáo dục lý tưởng cách mạng, đạo đức, lối sống văn hóa cho thanh niên, thiếu niên, nhi đồng trên không gian mạng giai đoạn 2022 - 2030"".",40161,,False,True,False,False,819,175,chunk_71,chunk_73
chunk_73,"- - Hội Sinh viên Việt Nam ở nước ngoài tổ chức các hoạt động tuyên truyền chủ trương, chính sách của Đảng và Nhà nước, các thành quả phát triển kinh tế - xã hội trong nước tới hội viên, sinh viên.",40981,,False,True,False,False,197,43,chunk_72,chunk_74
chunk_74,"## IV. CÁC HOẠT ĐỘNG LỚN TRONG NĂM - 1. Chương trình kỷ niệm 75 năm Ngày truyền thống học sinh, sinh viên và Hội Sinh viên Việt Nam; tuyên dương danh hiệu ""Sinh viên 5 tốt"", ""Tập thể sinh viên 5 tốt"" cấp TW và giải thưởng ""Sao Tháng Giêng"" năm 2025 (tháng 01/2025). - 2. Tổ chức thực hiện chương trình ""Tình nguyện mùa đông"", ""Xuân tình nguyện"" năm 2025 (tháng 01/2025). - 3. Tổ chức giải thể thao sinh viên VUG năm 2025 (cả năm). - 4. Tổ chức chuỗi chương trình Unitour năm 2025 (cả năm). - 5. Tổ chức chương trình ""Sinh viên với biển, đảo Tổ quốc"" năm 2025 (tháng 7 năm 2025). - 6. Tổ chức chương trình ""Tiếp sức mùa thi"" năm 2025 (tháng 4/2025). - 7. Hội thảo cộng đồng sinh viên chuyên ngành (tháng 4/2025). - 8. Hội thi Olympic tiếng Anh học sinh, sinh viên toàn quốc lần thứ VII, năm 2025 (tháng 5/2025). - 9. Tổ chức Trại huấn luyện cán bộ Hội Sinh viên Việt Nam toàn quốc (tháng 5/2025). - 10. Tổ chức chiến dịch tình nguyện ""Mùa hè xanh"" năm 2025 (tháng 6/2025). ## V. TỔ CHỨC THỰC HIỆN",41180,"IV. CÁC HOẠT ĐỘNG LỚN TRONG NĂM - 1. Chương trình kỷ niệm 75 năm Ngày truyền thống học sinh, sinh viên và Hội Sinh viên Việt Nam; tuyên dương danh hiệu ""Sinh viên 5 tốt"", ""Tập thể sinh viên 5 tốt"" cấp TW và giải thưởng ""Sao Tháng Giêng"" năm 2025 (tháng 01/2025). - 2. Tổ chức thực hiện chương trình ""Tình nguyện mùa đông"", ""Xuân tình nguyện"" năm 2025 (tháng 01/2025). - 3. Tổ chức giải thể thao sinh viên VUG năm 2025 (cả năm). - 4. Tổ chức chuỗi chương trình Unitour năm 2025 (cả năm). - 5. Tổ chức chương trình ""Sinh viên với biển, đảo Tổ quốc"" năm 2025 (tháng 7 năm 2025). - 6. Tổ chức chương trình ""Tiếp sức mùa thi"" năm 2025 (tháng 4/2025). - 7. Hội thảo cộng đồng sinh viên chuyên ngành (tháng 4/2025). - 8. Hội thi Olympic tiếng Anh học sinh, sinh viên toàn quốc lần thứ VII, năm 2025 (tháng 5/2025). - 9. Tổ chức Trại huấn luyện cán bộ Hội Sinh viên Việt Nam toàn quốc (tháng 5/2025). - 10. Tổ chức chiến dịch tình nguyện ""Mùa hè xanh"" năm 2025 (tháng 6/2025). ## V. TỔ CHỨC THỰC HIỆN",False,False,False,False,995,204,chunk_73,chunk_75
chunk_75,"## V. TỔ CHỨC THỰC HIỆN ## 1. Trung ương Hội Sinh viên Việt Nam - - Trên cơ sở chương trình công tác năm học, hướng dẫn, chỉ đạo Hội Sinh viên các tỉnh, thành phố, Hội Sinh viên Việt Nam ở nước ngoài, các đại học, học viện, các trường đại học, cao đẳng trực thuộc xây dựng, triển khai chương trình công tác năm học, thực hiện chủ đề và các nội dung trọng tâm. - - Phối hợp với các đơn vị liên quan tổ chức các hoạt động cấp toàn quốc. Giao các cụm hoạt động chủ trì một số hoạt động quy mô khu vực. - - Tổ chức kiểm tra học kỳ, năm học và kiểm tra chuyên đề, gắn với việc khảo sát, đánh giá kết quả thực hiện các văn bản quản lý nhà nước đối với tổ chức Hội Sinh viên. - - Thực hiện thi đua, khen thưởng đối với các đơn vị có thành tích xuất sắc trong triển khai, tổ chức thực hiện chương trình công tác năm học 2024 - 2025 và các hoạt động trọng tâm, quy mô cấp toàn quốc.",42155,"V. TỔ CHỨC THỰC HIỆN ## 1. Trung ương Hội Sinh viên Việt Nam - - Trên cơ sở chương trình công tác năm học, hướng dẫn, chỉ đạo Hội Sinh viên các tỉnh, thành phố, Hội Sinh viên Việt Nam ở nước ngoài, các đại học, học viện, các trường đại học, cao đẳng trực thuộc xây dựng, triển khai chương trình công tác năm học, thực hiện chủ đề và các nội dung trọng tâm. - - Phối hợp với các đơn vị liên quan tổ chức các hoạt động cấp toàn quốc. Giao các cụm hoạt động chủ trì một số hoạt động quy mô khu vực. - - Tổ chức kiểm tra học kỳ, năm học và kiểm tra chuyên đề, gắn với việc khảo sát, đánh giá kết quả thực hiện các văn bản quản lý nhà nước đối với tổ chức Hội Sinh viên. - - Thực hiện thi đua, khen thưởng đối với các đơn vị có thành tích xuất sắc trong triển khai, tổ chức thực hiện chương trình công tác năm học 2024 - 2025 và các hoạt động trọng tâm, quy mô cấp toàn quốc.",False,False,False,False,873,196,chunk_74,chunk_76
chunk_76,"## 2. Các đơn vị trực thuộc - - Xây dựng chương trình công tác Hội và phong trào sinh viên năm học 2024 - 2025 đảm bảo theo chỉ đạo của Trung ương Hội Sinh viên Việt Nam, phù hợp với điều kiện thực tế của địa phương, đơn vị. - - Chủ động xây dựng kế hoạch thực hiện các hoạt động và nội dung trọng tâm của Trung ương Hội Sinh viên Việt Nam, tham gia hiệu quả các hoạt động cấp toàn quốc. - - Rà soát, đăng cai tổ chức các công trình, phần việc cấp cụm, liên trường đảm bảo tính liên kết và quy mô tổ chức. - - Thực hiện tốt công tác thông tin, báo cáo, phát triển và quản lý hội viên. - - Trung tâm Hỗ trợ và Phát triển sinh viên Việt Nam xây dựng kế hoạch thực hiện các hoạt động tư vấn, hỗ trợ hội viên, sinh viên và thực hiện các nhiệm vụ được giao.",43032,"2. Các đơn vị trực thuộc - - Xây dựng chương trình công tác Hội và phong trào sinh viên năm học 2024 - 2025 đảm bảo theo chỉ đạo của Trung ương Hội Sinh viên Việt Nam, phù hợp với điều kiện thực tế của địa phương, đơn vị. - - Chủ động xây dựng kế hoạch thực hiện các hoạt động và nội dung trọng tâm của Trung ương Hội Sinh viên Việt Nam, tham gia hiệu quả các hoạt động cấp toàn quốc. - - Rà soát, đăng cai tổ chức các công trình, phần việc cấp cụm, liên trường đảm bảo tính liên kết và quy mô tổ chức. - - Thực hiện tốt công tác thông tin, báo cáo, phát triển và quản lý hội viên. - - Trung tâm Hỗ trợ và Phát triển sinh viên Việt Nam xây dựng kế hoạch thực hiện các hoạt động tư vấn, hỗ trợ hội viên, sinh viên và thực hiện các nhiệm vụ được giao.",False,False,False,False,752,170,chunk_75,chunk_77
chunk_77,"## 3. Công tác thông tin, báo cáo - - Chương trình công tác Hội và phong trào sinh viên năm học 2024 - 2025 gửi trước ngày 15/9/2024 . - - Báo cáo tháng công tác Hội và phong trào sinh viên các tỉnh, thành, các trường trực thuộc Trung ương Hội, gửi trước ngày 28 hàng tháng . - - Báo cáo Sơ kết công tác Hội và phong trào sinh viên học kỳ I năm học 2024 - 2025 gửi trước ngày 10/01/2025 . - - Báo cáo tổng kết công tác Hội và phong trào sinh viên năm học 2024 - 2025 gửi trước ngày 10/6/2025. - - Chương trình, báo cáo của các đơn vị gửi về Văn phòng Trung ương Hội Sinh viên Việt Nam qua Văn phòng điện tử http://vpdt.hoisinhvien.com.vn. TM. BAN CHẤP HÀNH TRUNG ƯƠNG HỘI SINH VIÊN VIỆT NAM",43787,"3. Công tác thông tin, báo cáo - - Chương trình công tác Hội và phong trào sinh viên năm học 2024 - 2025 gửi trước ngày 15/9/2024 . - - Báo cáo tháng công tác Hội và phong trào sinh viên các tỉnh, thành, các trường trực thuộc Trung ương Hội, gửi trước ngày 28 hàng tháng . - - Báo cáo Sơ kết công tác Hội và phong trào sinh viên học kỳ I năm học 2024 - 2025 gửi trước ngày 10/01/2025 . - - Báo cáo tổng kết công tác Hội và phong trào sinh viên năm học 2024 - 2025 gửi trước ngày 10/6/2025. - - Chương trình, báo cáo của các đơn vị gửi về Văn phòng Trung ương Hội Sinh viên Việt Nam qua Văn phòng điện tử http://vpdt.hoisinhvien.com.vn. TM. BAN CHẤP HÀNH TRUNG ƯƠNG HỘI SINH VIÊN VIỆT NAM",False,False,False,False,690,148,chunk_76,chunk_78
chunk_78,"## Nơi nhận: - - Văn phòng, Ban Dân vận, Ban Tuyên giáo, Ban Tổ chức Trung ương Đảng; - - Văn phòng Chính phủ, Bộ Nội vụ, Bộ GD&ĐT, Bộ LĐ-TB&XH; - - Ban Bí thư Trung ương Đoàn; - -Ban Thường vụ TW Đoàn, UBQG về TNVN, Thường trực TW Hội LHTN; - - UV BCH, BKT TW Hội SVVN; - -Hộiđồngtưvấn,đồnghànhvớisinhviênViệtNam; - - Các tỉnh, thành đoàn, đoàn trực thuộc; - - Hội Sinh viên các tỉnh, TP, đại học, học viện, các trường ĐH-CĐ, HSVVN ở nước ngoài; - - Các Ban phong trào, báo chí TW Đoàn, Học viện TTNVN; - - Lưu VP. <!-- image -->",44481,"Nơi nhận: - - Văn phòng, Ban Dân vận, Ban Tuyên giáo, Ban Tổ chức Trung ương Đảng; - - Văn phòng Chính phủ, Bộ Nội vụ, Bộ GD&ĐT, Bộ LĐ-TB&XH; - - Ban Bí thư Trung ương Đoàn; - -Ban Thường vụ TW Đoàn, UBQG về TNVN, Thường trực TW Hội LHTN; - - UV BCH, BKT TW Hội SVVN; - -Hộiđồngtưvấn,đồnghànhvớisinhviênViệtNam; - - Các tỉnh, thành đoàn, đoàn trực thuộc; - - Hội Sinh viên các tỉnh, TP, đại học, học viện, các trường ĐH-CĐ, HSVVN ở nước ngoài; - - Các Ban phong trào, báo chí TW Đoàn, Học viện TTNVN; - - Lưu VP. <!-- image -->",False,False,False,False,530,112,chunk_77,
